<?xml version="1.0" encoding="UTF-8"?>
<project-private xmlns="http://www.netbeans.org/ns/project-private/1">
    <editor-bookmarks xmlns="http://www.netbeans.org/ns/editor-bookmarks/2" lastBookmarkId="0"/>
    <open-files xmlns="http://www.netbeans.org/ns/projectui-open-files/2">
        <group>
            <file>file:/C:/Users/Sara/Desktop/Informatica/ME%20GOSTA%20L'ARAGOSTA/Weather%20Forecast/WeatherForecast/src/weatherforecast/WeatherForecast.java</file>
            <file>file:/C:/Users/Sara/Desktop/Informatica/ME%20GOSTA%20L'ARAGOSTA/Weather%20Forecast/WeatherForecast/src/seward_weather/forecast/Seward_WeatherForecast.java</file>
            <file>file:/C:/Users/Sara/Desktop/Informatica/ME%20GOSTA%20L'ARAGOSTA/Weather%20Forecast/WeatherForecast/src/seward_weather/forecast/Connection.java</file>
            <file>file:/C:/Users/Sara/Desktop/Informatica/ME%20GOSTA%20L'ARAGOSTA/Weather%20Forecast/WeatherForecast/src/seward_weather/forecast/GMapsReader.java</file>
            <file>file:/C:/Users/Sara/Desktop/Informatica/ME%20GOSTA%20L'ARAGOSTA/Weather%20Forecast/WeatherForecast/src/seward_weather/forecast/MeteoBello.java</file>
            <file>file:/C:/Users/Sara/Desktop/Informatica/ME%20GOSTA%20L'ARAGOSTA/Weather%20Forecast/WeatherForecast/src/seward_weather/forecast/WeatherReader.java</file>
        </group>
    </open-files>
</project-private>
